Sr. No.,Year,CATEGORY,TITLE,DIRECTOR,PRODUCER,LANGUAGE,AWARDS
1,63rd NFA - 2015,FEATURE,BAAHUBALI - THE BEGINNING,S.S.RAJAMOULI,ARKA MEDIAWORKS,TELGU,BEST FEATURE FILM BEST SPECIAL EFFECT - V. SRINIVAS MOHAN
2,63rd NFA - 2015,FEATURE,BAJIRAO MASTANI,SANJAY LEELA BHANSALI,EROS INTERNATIONAL AND BHANSALI PRODUCTIONS,HINDI,"BEST DIRECTION BEST SUPPORTING ACTRESS - TANVI AZMI BEST CINEMATOGRAPHY - SUDEEP CHATTERJEE BEST AUDIOGRAPHY (DOUND DESIGNER) - BISHWADEEP CHATTERJEE BEST AUDIOGRAPHY (Re-recordist of the final mixed track) - JUSTIN JOSE BEST PRODUCTION DESIGN - SUJEET SAWANT, SALONI DHATRIK, SRIRAM IYENGAR BEST CHOREOGRAPHY - REMO D'SOUZA"
3,63rd NFA - 2015,FEATURE,BAJRANGI BHAIJAAN,KABIR KHAN,"SALMA KHAN ,SALMAN KHAN & ROCKLINE VENKATESH",HINDI,BEST POPULAR FILM PROVIDING WHOLESOME ENTERTAINMENT
4,63rd NFA - 2015,FEATURE,BEN,DR. SAJAN K. GEORGE,VIBGYOR CINEMA,MALAYALAM,BEST CHILD ARTIST - GAURAV MENON
5,63rd NFA - 2015,FEATURE,CHAUTHI KOOT,GURVINDER SINGH,NATIONAL FILM DEVELOPMENT CORPORATION & THE FILM CAFE ENTERTAINMENT PVT. LTD,NA,BEST PUNJABI FILM
6,63rd NFA - 2015,FEATURE,DAU HUDUNI METHAI,MANJU BORAH,SHIVEN ARTS,BODO,BEST BODO FILM
7,63rd NFA - 2015,FEATURE,DUM LAGA KE HAISHA,SHARAT KATARIYA,MANEESH SHARMA,HINDI,BEST FEMALE PLAYBACK SINGER - MONALI THAKUR BEST LYRICS - VARUN GROVER BEST HINDI FILM
8,63rd NFA - 2015,FEATURE,DURONTO,SOUMENDRA PADHI,CODE RED FILMS,HINDI,BEST CHILDREN'S FILM
9,63rd NFA - 2015,FEATURE,EIBUSU YAOHANBIYU,MAIPAKSANA HAORONGBAM,LIVING ART (Y. HITALAR SINGH [NETA]),MANIPURI,BEST MANIPURI FILM
10,63rd NFA - 2015,FEATURE,ENEMY,DINESH P. BHONSLE,PRASAD CREATIONS,KONKANI,BEST KONKANI FILM
11,63rd NFA - 2015,FEATURE,ENNU NINTE MOIDEEN,R.S. VIMAL,"SURESH RAJ, BINOY SHANKARATH & RAGY THOMAS",MALAYALAM,BEST MUSIC DIRECTION (Songs) - M. JAYACHANDRAN
12,63rd NFA - 2015,FEATURE,IRUDHI SUTTRU,SUDHA KONGARA,S. SASHIKANTH,TAMIL,SPECIAL MENTION
13,63rd NFA - 2015,FEATURE,KANCHE,RADHA KRISHNA JAGARLAMUDI,FIRST FRAME ENTERTAINMENTS PVT. LTD,TELUGU,BEST TELUGU FILM
14,63rd NFA - 2015,FEATURE,KATYAR KALJAT GHUSLI,SUBODH BHAVE,SUNIL PHADTARE,MARATHI,BEST MALE PLAYBACK SINGER - MAHESH KALE
15,63rd NFA - 2015,FEATURE,KIMA’S LODE BEYOND THE CLASS,ZUALA CHHANGTE,CHILDREN'S FILM SOCIETY OF INDIA,MIZO,BEST MIZO FILM
16,63rd NFA - 2015,FEATURE,KOTHANODI,BHASKAR HAZARIKA,METANORMAL MOTION PICTURES,ASSAMESE,BEST ASSAMESE FILM
17,63rd NFA - 2015,FEATURE,LUKKA CHUPPI,BASH MOHAMMED,BASH MOHAMMED,MALAYALAM,SPECIAL MENTION
18,63rd NFA - 2015,FEATURE,MARGARITA WITH STRAW,"SHONALI BOSE, NILESH MANIYAR","SHONALI BOSE, NILESH MANIYAR",HINDI |,SPECIAL JURY AWARD
19,63rd NFA - 2015,FEATURE,MASAAN,NEERAJ GHAYWAN,"PHANTOM FILMS, DRISHYAM FILMS, MACASSAR PRODUCTIONS AND SIKHYA ENTERTAINMENT",HINDI,INDIRA GANDHI AWARD FOR BEST DEBUT FILM OF A DIRECTOR
20,63rd NFA - 2015,FEATURE,MITHILA MAKHAAN,NITIN CHANDRA,CHAMPARAN TALKIES & ASWATHA TREE,MAITHILI,BEST MAITHILI FILM
21,63rd NFA - 2015,FEATURE,NANAK SHAH FAKIR,A. K. BIR,GURBANI MEDIA PRIVATE LIMITED HARINDER S. SIKKA),HINDI,"NARGIS DUTT AWARD FOR BEST FEATURE FILM ON NATIONAL INTEGRATION BEST COSTUME DESIGNER - PAYAL SALUJA BEST MAKE-UP ARTIST - CLOVER WOOTTON, PREETISHEEL SINGH"
22,63rd NFA - 2015,FEATURE,NIRNAYAKAM,V.K. PRAKASH,JAIRAJ FILMS,MALAYALAM,BEST FILM ON SOCIAL ISSUES
23,63rd NFA - 2015,FEATURE,ONAATAH,PRADIP KURBAH,KURBAH FILMS,KHASI,BEST KHASI FILM
24,63rd NFA - 2015,FEATURE,PAHADA RA LUHA,SABYASACHI MOHAPATRA,MOHAPATRA MOVIE MAGIC PVT. LTD,ODIYA,BEST ODIYA FILM
25,63rd NFA - 2015,FEATURE,PATHEMARI,SALIM AHAMED,ALLENS MEDIA,MALAYALAM,BEST MALAYALAM FILM
26,63rd NFA - 2015,FEATURE,PIKU,SHOOJIT SIRCAR,MSM MOTION PICTURES & SARASWATI ENTERTAINMENT AND RISING SUN FILMS,HINDI,BEST ACTOR - AMITABH BACHCHAN BEST Screenplay Writer (Original) & BEST SCREENPLAY (DIALOGUE) - JUHI CHATURVEDI
27,63rd NFA - 2015,FEATURE,PRIYAMANASAM,VINOD MANKARA,SOMA CREATIONS,SANSKRI,BEST SANSKRIT FILM
28,63rd NFA - 2015,FEATURE,RINGAN,MAKARAND MANE,MY ROLE MOTION PICTURES,NA,BEST MARATHI FILM
29,63rd NFA - 2015,FEATURE,SAIRAT,NAGRAJ MANJULE,"NITTIN KENI, NIKHIL SANE",MARATHI,SPECIAL MENTION
30,63rd NFA - 2015,FEATURE,SATRANGI,SUNDEEP SHARMA,HANSVIDYA MOVIES,HARYANVI,BEST HARYANVI FILM
31,63rd NFA - 2015,FEATURE,SHANKHACHIL,GOUTAM GHOSE,NIDEAS CREATIONS & PRODUCTIONS PVT LTD,BENGALI,BEST BENGALI FILM
32,63rd NFA - 2015,FEATURE,SU SU SUDHI VATHMEEKAM,RANJIT SHANKAR,JAYASURYA,MALAYALAM,SPECIAL MENTION
33,63rd NFA - 2015,FEATURE,TALVAR,MEGHNA GULZAR,JUNGLEE PICTURES & VB PI C TUR E S,HINDI,BEST Screenplay Writer (Adapted) - VISHAL BHARDWAJ BEST AUDIOGRAPHY (ON Location Sound Recordist) - SANJAY KURIAN
34,63rd NFA - 2015,FEATURE,TANU WEDS MANU RETURN,AANAND L. RAI,KRISHIKA LULLA AND AANAND L. RAI,HINDI,BEST ACTRESS - KANGNA RANAUT BEST Screenplay Writer (Original) & BEST SCREENPLAY (DIALOGUE) - HIMANSHU SHARMA
35,63rd NFA - 2015,FEATURE,THAARAI THAPPATTAI,BALA, COMPANY PRODUCTIONS (M. SASIKUMAR),TAMI,BEST MUSIC DIRECTION (Background Score) - ILAIYARAAJA
36,63rd NFA - 2015,FEATURE,THE HEAD HUNTER,NILANJAN DATTA,SPLASH FILMS PRIVATE LIMITED,WANCHO,BEST WANCHO FILM
37,63rd NFA - 2015,FEATURE,THITHI,RAAM REDDY,PRSPCTVS PRODUCTIONS PVT. LTD,KANNADA,BEST KANNADA FILM
38,63rd NFA - 2015,FEATURE,VALIYA CHIRAKULLA PAKSHIKAL,DR BIJU,MAYA MOVIES,"MALAYALAM, ENGLISH, FRENCH",BEST FILM ON ENVIRONMENT CONSERVATION/ PRESERVATION
39,63rd NFA - 2015,FEATURE,VISAARANAI,VETRI MAARAN,WUNDERBAR FILMS,TAMIL,BEST SUPPORTING ACTOR - P. SAMUTHIRAKANI BEST EDITING - KISHORE T. E. BEST TAMIL FILM
40,63rd NFA - 2015,NON - FEATURE,A FAR AFTERNOON –A PAINTED SAGA[440],SRUTI HARIHARA SUBRAMANIAN,PIRAMAL ART FOUNDATION,HINDI. ENG,BEST ARTS/CULTURAL FILM
41,63rd NFA - 2015,NON - FEATURE,AMDAVAD MA FAMOUS [342],HARDIK MEHTA,AKANKSHA TIWARI & ARYA MENON,GUJRATI,NA
42,63rd NFA - 2015,NON - FEATURE,AMMA[347],NEELAN,LEELA K.N,MALAYALAM,NA
43,63rd NFA - 2015,NON - FEATURE,AOLEANG[349],RANAJIT RAY,MAULANA ABUL KALAM AZAD INSTITUTE OF ASIAN STUDIES,ENGLISH,BEST ANTHROPOLOGICAL/ ETHNOGRAPHIC FILM
44,63rd NFA - 2015,NON - FEATURE,ARANI[408], Raa Prasad,NA,MALAYALAM,NA
45,63rd NFA - 2015,NON - FEATURE,AUSHADH[352],AMOL DESHMUKH,PRAGATI PRODUCTIONS,MARATHI,BEST SHORT FICTION FILM
46,63rd NFA - 2015,NON - FEATURE,AUTO DRIVER[298],LONGJAM MEENA DEV,OURVILLAGE FILMS & AIRAMEEN MEDIA,MANIPURI,BEST FILM ON SOCIAL ISSUES
47,63rd NFA - 2015,NON - FEATURE,BENARAS: THE UNEXPLORED ATTACHMENTS,AMARTYA BHATTACHARYYA,RAHUL BHATTACHARYYA,BENGALI,BEST CINEMATOGRAPHY
48,63rd NFA - 2015,NON - FEATURE,BEST FRIENDS FOREVER,SANDEEP MODI,EDUMEDIA INDIA PVT.LTD,ENGLISH,BEST FILM ON FAMILY VALUES
49,63rd NFA - 2015,NON - FEATURE,BREAKING FREE[392],SRIDHAR RANGAYAN,"SRIDHAR RANGAYAN, SAAGAR GUPTA",ENGLISH,BEST EDITING
50,63rd NFA - 2015,NON - FEATURE,ARANGILE NITHYA VISMAYAM GURU CHEMANCHERRY KUNHIRAMAN NAIR,VATTAPARA RAMCHANDARAN,P PREMARAJAN,KANNADA,NA
51,63rd NFA - 2015,NON - FEATURE,DAARAVTHA[433],NISHANTROY BOMBARDE,NISHANTROY BOMBARDE,MARATHI,BEST DEBUT FILM OF A DIRECTOR
52,63rd NFA - 2015,NON - FEATURE,DRIBBLING WITH THEIR FUTURE[341],JACOB VARGHESE,N. DINESH RAJKUMAR & MATHEW VARGHESE,ENGLISH | TAMIL | KANNADA,BEST EXPLORATION/ ADVENTURE FILM
53,63rd NFA - 2015,NON - FEATURE,EDPA KANA[385],NIRANJAN KUMAR KUJUR,"SANJAYA PATTANAYAK, SRFTI",KUDUKH,BEST AUDIOGRAPHY
54,63rd NFA - 2015,NON - FEATURE,FISHER WOMAN AND TUK TUK[386],SURESH ERIYAT,NILIMA ERIYAT & STUDIO EEKSAURUS PRODUCTIONS PVT. LTD,NO DIALOGUE,BEST ANIMATION FILM
55,63rd NFA - 2015,NON - FEATURE,GOD ON THE EDGE[404],ASHOK PATE,SHEELWANT PATEL & ELEMENTS PICTURE STUDIO,ENGLISH | BENGALI,BEST ENVIRONMENT FILM
56,63rd NFA - 2015,NON - FEATURE,IN SEARCH OF FDING CANVAS[435],MANOHAR SINGH BISHT,FILMS DIVISION,HINDI,SPECIAL JURY AWARD
57,63rd NFA - 2015,NON - FEATURE,KAMUKI[387],Christo Tomy,Satyajit Ray Film & Television Institute,MALAYALAM,BEST DIRECTION
58,63rd NFA - 2015,NON - FEATURE,LIFE IN METAPHORS; A PORTRAIT OF GIRISH KASARAVALLI[343],O.P. SRIVASTAVA,USHA SRIVASTAVA (REELISM FILMS),ENGLISH | KANNADA,BEST BIOGRAPHICAL/ HISTORICAL RECONSTRUCTION
59,63rd NFA - 2015,NON - FEATURE,MALA LAJ WATAT NAHAI[372],DEEPAK HALDANKA,"DHRUVEE HALDANKAR, FILMSMITH'S",MARATHI | HINDI | ENGLISH,BEST NARRATION/VOICE-OVER
60,63rd NFA - 2015,NON - FEATURE,PAYWAT[350],NAYANA DOLAS & MITHUNCHANDRA CHAUDHARI,MITHUNCHANDRA CHAUDHARI,MARATHI,BEST EDUCATIONAL FILM
61,63rd NFA - 2015,NON - FEATURE,SYAAHI,Varun Tandon,Rajneesh Deku,HINDI,NA
62,63rd NFA - 2015,NON - FEATURE,TEZPUR 1962 [432],SAMUJJAL KASHYAP,FILMS DIVISION,ENGLISH,BEST INVESTIGATIVE FILM
63,63rd NFA - 2015,NON - FEATURE,THE CHAMELEON,Arun Shankar,Belove N. Jhaveri,"HINDI,ENGLISH",NA
64,63rd NFA - 2015,NON - FEATURE,THE MAN WHO DWARFED THE MOUNTAINS[333],RUCHI SHRIVASTAVA & SUMIT SUNDERLAL KHANNA,RAJIV MEHROTRA & PSBT,HINDI | ENGLISH,BEST ENVIRONMENT FILM
65,63rd NFA - 2015,NON - FEATURE,WEAVES OF MAHESHWAR[378],KEYA VASWANI & NIDHI KAMATH,STORYLOOM FILMS,HINDI | ENGLISH,BEST PROMOTIONAL FILM
66,63rd NFA - 2015,NON - FEATURE,YAZHPANAM THEDCHANAMOORTHY MUSIC BEYOND BOUNDARIES[422],AMSHAN KUMAR,RAJEEV ANAND & SIDDHARTHA PRODUCTIONS,TAMIL,BEST ARTS/CULTURAL FILM
67,64th NFA - 2016,FEATURE,ALIFA,DEEP CHOUDHURY,ARMAN PRODUCTION,BENGALI,BEST DEBUT FILM OF A DIRECTOR
68,64th NFA - 2016,FEATURE,ALLAMA,T S NAGABHARANA,YAJAMAN ENTERPRISES,KANNADA,"BEST MUSIC DIRECTOR (SONGS & BACKGROUND SCORE) , BEST MAKEUP ARTIST (N K RAMAKRISHNA)"
69,64th NFA - 2016,FEATURE,BISORJON,KAUSHIK GANGULY,OPERA MOVIES,BENGALI,BEST BENGALI FILM AWARD
70,64th NFA - 2016,FEATURE,CYCLE,MR. PRAKASH KUNTE,HAPPY MINDS ENTERTAINMENT,MARATHI,BEST COSTUME DESIGN
71,64th NFA - 2016,FEATURE,DANGAL,NITESH TIWARI,AMIR KHAN PRODUCTION AND UTV SOFTWARE COMMUNICATION,HINDI,BEST SUPPORTING ACTOR
72,64th NFA - 2016,FEATURE,DASHAKRIYA,SANDEEP BHALACHANDRA PATIL,RANGEEL CREATIONS,MARATHI,BEST FEATURE FILM MARATHI
73,64th NFA - 2016,FEATURE,DHANAK,NAGESH KUKUNOOR,DRISHYAM FILM AND SIC PRODUCTION,HINDI,BEST FEATURE FILM THE CHILDREN
74,64th NFA - 2016,FEATURE,DHARMA DURAI,SEENU RAMASAMY,STUDIO 9,TAMIL,BEST LYRICS
75,64th NFA - 2016,FEATURE,DIKCHOW BANAT PALAAX,SANJIB SABHAPANDIT,CANVASCOPE AND ASSAM STATE FILM CORPORATION,ASSAMESE,NARGIS DUTT AWARD FOR BEST FEATURE FILM ON NATIONAL INTEGRATION
76,64th NFA - 2016,FEATURE,HAANDUK,JAICHENG JAI DOHUTIA,MAYAMAR PRODUCTION,MORAN,BEST MORAN FILM
77,64th NFA - 2016,FEATURE,JANATHA GARRAGE,RAJU SUNDARAM,MYTHRI MOVIE MAKERS,TELGU,SPECIAL JURY AWARD
78,64th NFA - 2016,FEATURE,JOKER,RAJU MURUGAN,DREAM WARRRIOR PICTURE,TAMIL,BEST FEATURE FILM IN TAMIL
79,64th NFA - 2016,FEATURE,K SERA SERA-GHODPACHEM GHODDTELEM,RAJEEV SHINDE,DHARMAPARTHA CREATION,KONKANI,BEST FEATURE FILM IN KONKANI
80,64th NFA - 2016,FEATURE,KAADU POOKKUNNA NERAM,DR. BIJU,SOPHIA PAUL,MALAYALAM,BEST AUDIOGRAPHY (SOUND DESIGNER) (JAYADEVAN CHAKKA DATH)
81,64th NFA - 2016,FEATURE,KAASAV,SUMITRA BHAVE-SUNIL SUKTHANKAR,VICHITRA NIMRTI & MOHAN AGASE,MARATHI,BEST FEATURE FILM
82,64th NFA - 2016,FEATURE,KADVI HAWA,NISHIKANT KAMAT,AKSHAY KUMAR PARIJA PRODUCTION AND ELEEANORA IMAGES PVT.LTD,HINDI,SPECIAL MENTION
83,64th NFA - 2016,FEATURE,KUNJU DAIVAM,JEO BABY,OCEAN PICTURES,MALAYALAM,BEST CHILD ARTIST (ADISH PRAVEEN)
84,64th NFA - 2016,FEATURE,LOKTAK LAIREMBEE,HAOBAM PABAN KUMAR,HAOBAM PABAN KUMAR,MANIPURI,BEST FILM ON ENVIRONMENT CONSERVATION / PRESERVATION
85,64th NFA - 2016,FEATURE,MADIPU,CHETHAN MUNDADI,AASTHA PRODUCTION,TULU,BEST FEATURE FILM IN TULU
86,64th NFA - 2016,FEATURE,MAHAYODDHA RAMA,ROHID VAID,CONTILOE PICTURE PVT LTD,HINDI,BEST ANIMATION FILM
87,64th NFA - 2016,FEATURE,MAHESHINTE PRATHIKAARAM,DILEESH POTHAN,DREAM MILL CINEMA AND ENTERTAINMENT PVT.LTD,MALAYALAM,BEST FEATURE FILM IN MALYALAM
88,64th NFA - 2016,FEATURE,MAJ RATI KETEKI,SANTWANA BARDOLOI,UDARA FILMS,ASSAMESE,BEST ASSAMESE FILM
89,64th NFA - 2016,FEATURE,MINNAMINUNGU THE FIREFLY,ANIL THOMAS,MOVIE MAGIC,MALAYALAM,BEST ACTRESS
90,64th NFA - 2016,FEATURE,MUKTI BHAWAN,SHUBHASHISH BHUTIANI,RED CARPET MOVING PICTURES,HINDI,SPECIAL MENTION
91,64th NFA - 2016,FEATURE,MUNTHIRIVALLIKAL THALIRKKUMBOL,SUJITH VAASSUDEV,NA,MALAYALM,SPECIAL JURY AWARD
92,64th NFA - 2016,FEATURE,NEERJA,RAM MADHVANI,FOX STAR STUDIOS & BLING INPULUGGED,HINDI,BEST HINDI FILM
93,64th NFA - 2016,FEATURE,PELI CHUPULU,THARUN BHASKAR,DHARAMAPATHA CREATIONS,TELUGU,BEST TELGU FILM
94,64th NFA - 2016,FEATURE,PINK,ANIRUDDHA ROY CHOWDHURY,"RASHMI SHARMA FILMS, RISING SUN FILMS , SARSWATI ENTERTAINMENT",HINDI,BEST FILM ON SOCIAL ISSUE
95,64th NFA - 2016,FEATURE,PRAKTAN,NANDITA ROY & SHIBOPR MUKHERJEE,ATANU ROY CHAUDHARY,BENGALI,BEST FEMALE PLAYBACK SINGER
96,64th NFA - 2016,FEATURE,PULIMURUGAN,MOHAN LAL,MULAKUPPADAM FILMS,MALAYALAM,BEST ACTION DIRECTION
97,64th NFA - 2016,FEATURE,RAILWAY CHILDREN,PRITHVI KONANUR,TIN DRUM,KANNADA,BEST CHILD ACTOR (MANOHARA K)
98,64th NFA - 2016,FEATURE,RESERVATION,NIKHIL MANJU,THATADAMANE,KANNADA,BEST KANNADA FILM
99,64th NFA - 2016,FEATURE,RUSTOM,TINU SURESH DESAI,"FRIDAY FILM WORKS , CAPE OF GOOD FILMS",HINDI,BEST ACTOR
100,64th NFA - 2016,FEATURE,SAHAJ PAATHER GAPPO,MANAS MUKUL PAL,AVIJIT SHAH,BENGALI,BEST CHILD ACTOR (MASTER NUR ASLAM & MASTER SAIMUL ALAM)
101,64th NFA - 2016,FEATURE,SATHAMANAM BHAVATHI,SATISH VEGESNA,SHRI VENTKESHWARA CREATIONS,TELUGU,BEST POPULAR FILM PROVIDING WHOLESOME ENTERTAINMENT
102,64th NFA - 2016,FEATURE,SHIVAAY,AJAY DEVGAN,CAVASCOPE & ASSAM STATE FILM,HINDI,BEST SPECIAL EFFECTS
103,64th NFA - 2016,FEATURE,TWENTY FOUR (24),VIKARAM K KUMAR,2 D ENTERTAINMENT PVT.LTD,TAMIL,BEST CINEMATOGRAPHY
104,64th NFA - 2016,FEATURE,VENTILATOR,RAJESH MAPUSKAR,PURPLE PEBBLE PICTURES,MARATHI,BEST DIRECTION
105,64th NFA - 2016,NON - FEATURE,AABA,AMAR KAUSHIK,RAAPCHIK FILMS,APATANI(ARUNACHAL PRADESH),BEST SHORT FICTION FILM
106,64th NFA - 2016,NON - FEATURE,AABA AIKTAAY NAA?,ADITYA SUHAS JAMBHALE,SHREE MAHALSA PRODUCTION PONDA,MARATHI,BEST DIRECTION
107,64th NFA - 2016,NON - FEATURE,ADNYAT,SANTOSH DAVAKHAR,D TURN FILMS,MARATHI,BEST CINEMATOGRAPHY
108,64th NFA - 2016,NON - FEATURE,CHEMBAI - MY DISCOVERY OF A LEGEND,SOUMYA SADANANDAN,PSYCHE ENTERTAINMENT,MALAYALAM,SPECIAL MENTION
109,64th NFA - 2016,NON - FEATURE,FIREFLIES IN THE ABYSS,CHANDRASHEKHAR REDDY,CHANDRASHEKHAR REDDY,"HINDI, ENGLISH,NEPALI",BEST NON FEATURE FILM
110,64th NFA - 2016,NON - FEATURE,GUDH,SAURAV RAI,SATAYJIT RAY AND TELVISION INSTITUE,NEPALI,BEST MUSIC DIRECTION
111,64th NFA - 2016,NON - FEATURE,HUM CHITRA BANATE HAI,NINA SABNANI,"IDC,IIT, BOMBAY",HINDI,BEST ANIMATION FILM
112,64th NFA - 2016,NON - FEATURE,I AM JEEJA,SWATI CHAKRABORTY,NA,ENGLISH,BEST FILM ON SOCIAL ISSUE
113,64th NFA - 2016,NON - FEATURE,"IN RETURN, JUST A BOOK",SHINY JACOB BENJAMIN,SAMA CREATIONS,"MALAYALAM, RUSSIAN",BEST AUDIOGRAPHY FILM
114,64th NFA - 2016,NON - FEATURE,IN THE SHADOW OF TIME,SHANKHAJEET DE,INDIRA GANDHI NATIONAL CENTRE ARTS,ODIYA,BEST ARTS/CULTURAL FILM
115,64th NFA - 2016,NON - FEATURE,KALPVRIKSHA,ABHIJEET KHUMAN,FTII,HINDI,BEST CINEMATOGRAPHY
116,64th NFA - 2016,NON - FEATURE,LITTLE MAGICIAN,NEHA SHARMA,LXL IDEAS PVT.LTD,ENGLISH,BEST FILM ON FAMILY VALUES
117,64th NFA - 2016,NON - FEATURE,MAKINO- AN INDIAN HANKU,TIRTHANKAR DASGUPTA,TIRTHANKAR DASGUPTA,BENGALI,BEST NARRATION / VOICE OVER SETSU MAKINO TOGAWA
118,64th NFA - 2016,NON - FEATURE,MATITLI KUSTI,PRANTIK VIVEK DESHMUKH,"DEPARTMENT OF MEDIA AND COMMUNICATION STUDIES , SAVITRIBAI",MARATHI,BEST EXPLORATION / ADVENTURE FILM
119,64th NFA - 2016,NON - FEATURE,PLACEBO,ABHAY KUMAR,STARYTELLER INK,"HINDI, ENGLISH",BEST INVESTIGATIVE FILM
120,64th NFA - 2016,NON - FEATURE,REMEMBERING KURDI,SAUMYANANDA SAHI,FILMS DIVISION,"KONKANI, MARATHI, HINDI, ENGLISH",BEST ON LOCATION SOUND RECORDIST
121,64th NFA - 2016,NON - FEATURE,SANATH,VASANTH S. SAI (SM VASANTH),SREE CHITHRA TALKIES,ENGLISH,BEST FILM ON SOCIAL ISSUE
122,64th NFA - 2016,NON - FEATURE,SIKAR ARU SITKAR,"RAMEN BORAH, SIBANU BORAH",NAMDANG PRODUCTIONS,ASSAMESE,SPECIAL MENTION
123,64th NFA - 2016,NON - FEATURE,SOZ..A BALLAD OF MALADIES,TUSHAR MADHAV,RAJIV MEHROTRA,"HINDI, ENGLISH, KASHMIRI",BEST DEBUT FILM OF A DIRECTOR
124,64th NFA - 2016,NON - FEATURE,THE CINEMA TRAVELLERS,SHIRLEY ABRAHAM,CAVE PICTURES,"HINDI, PARTLY MARARTHI",SPECIAL JURY AWARD
125,64th NFA - 2016,NON - FEATURE,THE EYES OF DARKNESS,AMITABH PRASHAR,AMITABH PRASHAR,HINDI,SPECIAL MENTION
126,64th NFA - 2016,NON - FEATURE,THE LORD OF THE UNIVERSE,SHIBU PRUSTY,RAW AGE MOVIES,ENGLISH,BEST ARTS/CULTURAL FILM
127,64th NFA - 2016,NON - FEATURE,THE TIGER WHO CROSS THE LINE,KRISHNENDU BOSE,EARTHCARE,ENGLISH,BEST ENVIRONMENT FILM
128,64th NFA - 2016,NON - FEATURE,THE WATERFALL,LIPIKA SILGH DARAI,LXL IDEAS PVT.LTD,ENGLISH,BEST EDUCATIONAL FILM
129,64th NFA - 2016,NON - FEATURE,ZIKR US PARIVASH KA,NIRMAL CHANDER,SANGEET NATAK AKADEMI,"HINDI, URDU, ENGLISH",BEST BIOGRAPHICAL / HISTORICAL
130,65th NFA - 2017,FEATURE,AALORUKKAM,V C ABHILASH,JOLLY LONAPPAN,MALAYALAM,BEST FILM OF SOCIAL ISSUE
131,65th NFA - 2017,FEATURE,BAAHUBALI - THE CONCLUSION,SS RAJAMOULI,ARKA MEDIA WORKS LLP,TELUGU,BEST POPULAR FILM PROVIDING WHOLSOME ENTARTAINMENT BEST SPECIAL EFFECTS-R. C. KAMALAKANNAN BEST ACTION DIRECTON-ABBAS ALI MOGHUL
132,65th NFA - 2017,FEATURE,BHAYANAKAM (FEAR),JAYARAJ,DR. SURESH KUMAR MUTTATH,MALAYALAM,BEST DIRECTOR-JAIRAJ BEST CINEMATOGRAPHY-NIKHIL S PRAVEEN BEST SCREENPLAY WRITER (ADAPTED)-JAYRAJ
133,65th NFA - 2017,FEATURE,DHAPPA (HOWZZAT),NIPUN DHARMADHIKARI,SUMATILAL POPATLAL,MARATHI,NARGIS DUTT AWARD FOR BEST FEATURE FILM ON NATIONAL INTEGRATION
134,65th NFA - 2017,FEATURE,DHH (DUH),MANISH SAINI,"AMRUTA PARANDE, RAJAN SAINI , MANISH SAINI",GUJARATI,BEST GUJARATI FILM
135,65th NFA - 2017,FEATURE,GHAZI,SANKALP,PRASAD V. POTLURI,TELUGU,BEST TELUGU FILM
136,65th NFA - 2017,FEATURE,HEBBET RAMAKKA,N.R NANJUNDE GOWDA,PUTTA RAJU S.A,KANNADA,BEST KANNADA FILM
137,65th NFA - 2017,FEATURE,HELLO ARSI,SAMBIT MOHANTY,AJAYA ROUTRAY,ODIA,BEST DIALOGUES-SAMBIT MOHANTY BEST ODIYA FILM SPECIAL MENTION (PRAKRUTI MISHRA)
138,65th NFA - 2017,FEATURE,IRADA,APARNAA SINGH,IRADA ENTERTAINMENT,HINDI,BEST FILM ON ENVIROMENT CONSERVATION/PRESERVATION BEST SUPPORTING ACTRESS-DIVYA DUTTA
139,65th NFA - 2017,FEATURE,ISHU,UTPAL BORPUJARI,CFSI,ASSAMESE,BEST ASSAMESE FILM
140,65th NFA - 2017,FEATURE,KAATRU VELIYIDAI (INTO THE WIND),MANI RATNAM,MANI RATNAM,TAMIL,BEST FEMALE PLAYBACK SINGER-SHASHAA TIRUPATI (VAAN) BEST MUSIC DIRECTION (SONGS)-A. R. RAHMAN BEST BACKGROUND MUSIC-A. R. RAHMAN
141,65th NFA - 2017,FEATURE,KACHCHA LIMBU (THE UNRIPE LEMON),PRASAD OAK,MANDARR BHASKAR DEVASTHALI,MARATHI,BEST MARATHI FILM
142,65th NFA - 2017,FEATURE,Mar-22,KODLU RAMAKRISHNA,HARISH SHERIGAR,KANNADA,BEST LYRICS-J. M. PRAHALAD (MUTHURATNA)
143,65th NFA - 2017,FEATURE,MAYURAKSHI,ATANU GHOSH,"FIRDAUSUL HASAN, PRABAL HALDER",BENGALI,BEST BENGALI FILM
144,65th NFA - 2017,FEATURE,MHORKYA (THE LEADER),AMAR BHARAT DEOKAR,KALYAN RAJMOGLI,MARATHI,BEST CHILDREN FILM SPECIAL MENTION (YASHARAJ KARHADE)
145,65th NFA - 2017,FEATURE,MOM,RAVI UDYAWAR,BONEY KAPOOR,HINDI,BEST ACTRESS-SRIDEVI
146,65th NFA - 2017,FEATURE,NAGARKIRTAN (THE EUNUCH AND THE FLUTE PLAYER),KAUSHIK GANGULY,ACROPOLIS ENTERTAINMENT PVT.LTD,BENGALI,BEST ACTOR - RIDDHI SEN BEST COSTUME DESIGNER-GOBINDA MANDAL BEST MAKE-UP ARTIST-RAM RAJJAK SPECIAL JURY AWARD
147,65th NFA - 2017,FEATURE,NEWTON,AMIT V MASURKAR,"MANISH MUNDRA , ANAND L RAI",HINDI,BEST HINDI FILM SPECIAL MENTION (SUPPORTING ACTOR-PANKAJ TRIPATHI)
148,65th NFA - 2017,FEATURE,PADDAYI,ABHAYA SIMHA,NITHYANANAD PAI,TULU,BEST TULU FILM
149,65th NFA - 2017,FEATURE,SINJAR,PAMPALLY,SHIBU G SUSEELAN,JASARI,INDIRA GANDHI AWARD FOR BEST DEBUT FILM OF A DIRECTOR BEST JASARI FILM
150,65th NFA - 2017,FEATURE,TAKE OFF,MAHESH NARAYANAN,ANTO JOSEPH,MALAYALAM,BEST PRODUCTION DESIGN-SANTHOSH RAMAN SPECIAL MENTION (PARVATHY)
151,65th NFA - 2017,FEATURE,THONDIMUTHALUM DRIKSAKSHIYUM (BOOTY AND THE WITNESS),DILEESH POTHAN,SANDIP SENAN,MALAYALAM,BEST SUPPORTING ACTOR-FAHAD FAZIL BEST SCREENPLAY WRITER (ORIGINAL)-SAJEEV PAZHOOR BEST MALAYALAM FILM
152,65th NFA - 2017,FEATURE,TO LET,CHEZHIYAN,PREMA CHEZHIAN,TAMIL,BEST TAMIL FILM
153,65th NFA - 2017,FEATURE,TOILET-EK PREM KATHA,SHREE NARAYAN SINGH,SHITAL BHATIA,HINDI,BEST CHOREOGRAPHY-GANESH ACHARYA (GORI TU LATTH MAAR)
154,65th NFA - 2017,FEATURE,VILLAGE ROCKSTARS,RIMA DAS,RIMA DAS,ASSAMESE,BEST FEATURE FILM BEST CHILD ARTIST-BHANITA DAS BEST AUDIOGRAPHY (LOCATIONSOUND RECORDIST)-MALLIKA DAS BEST EDITING-RIMA DAS
155,65th NFA - 2017,FEATURE,"VISWASAPOORVAM MANSOOR (YOURS HOPEFULLY, MANSOOR)",P.T KUNHIMOHAMMED,KV MOHANAN,MALAYALAM,BEST MALE PLAYBACK SINGER-K. J. YESUDAS (POY MARANJA KALAM)
156,65th NFA - 2017,FEATURE,WALKING WITH THE WIND,PRAVEEN MORCHHALE,MAHESH MOHAN,LADAKHI (KASHMIRI),BEST SOUND DESIGNER-SANAL GEOGE BEST RE-RECORDIST OF THE FINAL MIXED TRACK-JUSTIN A JOSE BEST LADAKHI FILM
157,65th NFA - 2017,NON - FEATURE,"1984, WHEN THE SUN DIDN'T RISE",TEENAA KAUR,TEENAA KAUR,HINDI,BEST INVESTIGATIVE FILM
158,65th NFA - 2017,NON - FEATURE,A VERY OLD MAN WITH ENORMOUS WINGS,PRATEEK VATS,FILMS DIVISION,"HINDI , ENGLISH, & BANGLA",SPECIAL JURY AWARD
159,65th NFA - 2017,NON - FEATURE,BHAR DUPARI (THE AFTERNOON),SWAPNIL VASANT KAPURE,NA,MARATHI,SPECIAL MENTION
160,65th NFA - 2017,NON - FEATURE,CHANDERINAMA (CHANDERI : POETRY ON FABRIC),RAJENDRA JANGLAY,MADHYA PRADESH HASTASHILP EVAM HATHKARGHA VIKAS NIGAM LIMITED AND PRO ART INDIA,HINDI,BEST PROMOTIONAL FILM
161,65th NFA - 2017,NON - FEATURE,EYE TEST,SUDHA PADMAJA FRANCIS,SUDHA PADMAJA FRANCIS,MALAYALAM,BEST CINEMATOGRAPHY-APPU PRABHAKAR
162,65th NFA - 2017,NON - FEATURE,"GIRIJA, A LIFETIME IN MUSIC","DEBAPRIYA ADHIKARY, SAMANWAYA SARKAR",MADHU CHANDRA,HINDI,BEST ARTS/CULTURAL FILM
163,65th NFA - 2017,NON - FEATURE,HAPPY BIRTHDAY,MEDHPRANAV BABASAHEB POWAR,FTI,MARATHI,BEST FILM ON FAMILY VALUES
164,65th NFA - 2017,NON - FEATURE,I AM BONNIE,SATARUPA SANTRA,FILMS DIVISION,BENGALI,BEST FILM ON SOCIAL ISSUES
165,65th NFA - 2017,NON - FEATURE,LADAKH CHALE RICHAWALA,INDRANI CHAKRABARTI,FILMS DIVISION,HINDI AND BENGALI,BEST EXPLORATION/ADVENTURE FILM (INCLUDING SPORTS)
166,65th NFA - 2017,NON - FEATURE,MAACHER JHOL (THE FISH CURRY),ABHISHEK VERMA,MUNISH TIWARI,HINDI,BEST ANIMATION FILM
167,65th NFA - 2017,NON - FEATURE,MAYAT,DR SUYASH SHINDE,DR SUYASH SHINDE,MARATHI,BEST SHORT FICTION FILM
168,65th NFA - 2017,NON - FEATURE,MONDAY,ARUN K,FTI,SILENT,SPECIAL JURY AWARD
169,65th NFA - 2017,NON - FEATURE,MRITYUBHOJ THE DEATH FEAST,AKANKSHA SOOD SINGH,PRAVEEN SINGH,HINDI,BEST EDITING-SANJEEV MONGA & TENZIN KUNCHOK
170,65th NFA - 2017,NON - FEATURE,NAACHI SE BAANCHI,BIJU TOPPO,FILMS DIVISON,HINDI,BEST BIOGRAPHICAL/HISTORICAL RECONSTRUCTION FILM
171,65th NFA - 2017,NON - FEATURE,NAME|PLACE|ANIMAL|THING,NITHIN R,NITHIN RK BHAGYALAKSHMI,HINDI/KANNADA,BEST ANTHROPOLOGICAL/ETHNOGRAPHIC FILM
172,65th NFA - 2017,NON - FEATURE,PAVASACHA NIBANDHA (AN ESSAY OF THE RAIN),NAGRAJ MANJULE,BALKRUSHANA MANJULE,MARATHI,BEST DIRECTION BEST AUDIOGRAPHER-AVINASH SONAWANE
173,65th NFA - 2017,NON - FEATURE,REBIRTH,JAYARAJ,JAYARAJ,MALAYALAM,SPECIAL MENTION
174,65th NFA - 2017,NON - FEATURE,SEHER (DAWN),MANAS JACOB,TRIACE ENTERTAIN MENT,HINDI,BEST CINEMATOGRAPHY-ARNOLD FERNANDES
175,65th NFA - 2017,NON - FEATURE,THE CAKE STORY,RUKSHANA TABASSUM,CFSI,HINDI,SPECIAL MENTION
176,65th NFA - 2017,NON - FEATURE,TEJASHRI,SOUMIL SHETTY,SOMESH SAHA,ENGLISH,BEST NARRATION/VOICE OVER-FRANCOIS CASTELLINO
177,65th NFA - 2017,NON - FEATURE,THE LITTLE GIRLS WE WERE... AND THE WOMEN WE ARE,VAISHALI SOOD,RAHI FOUNDATION,ENGLISH,BEST EDUCATIONAL FILM
178,65th NFA - 2017,NON - FEATURE,THE PANGTI STORY,SESINO YHOSHU,RAJIV MEHROTRA,ENGLISH,BEST ENVIRONMENT FILM INCLUDING AGRICULTURE
179,65th NFA - 2017,NON - FEATURE,THE SLAVE GENESIS,ANEEZ K M,ANEEZ K M,MALAYALAM,BEST ANTHROPOLOGICAL/ETHNOGRAPHIC FILM
180,65th NFA - 2017,NON - FEATURE,THE SWORD OF LIBERTY: LIFE AND DEATH OF VELUTHAMPI DALAWA,SHINY JACOB BENJAMIN,RC SURESH,MALAYALAM,BEST BIOGRAPHICAL/HISTORICAL RECONSTRUCTION FILM BEST MUSIC DIRECTOR-RAMESH NARAYANAN
181,65th NFA - 2017,NON - FEATURE,THE UNRESERVED,SAMARTH MAHAJAN,ASHAY GANGWAR,HINDI,BEST ON LOCATION SOUND RECORDIST-SAMARTH MAHAJAN
182,65th NFA - 2017,NON - FEATURE,TOKRI (THE BASKET),SURESH ERIYAT,NILIMA ERIYAT,NA,BEST ANIMATION FILM
183,65th NFA - 2017,NON - FEATURE,VEIL DONE,JUHI BHATT,RAJIV MEHROTRA,HINDI,BEST FILM ON SOCIAL ISSUES
184,65th NFA - 2017,NON - FEATURE,WATERBABY,PIA SHAH,"VARUN SHAH , PIA SHAH",ENGLISH & KONKANI,BEST DEBUT FILM OF A DIRECTOR
185,66th NFA - 2018,FEATURE,AMORI,DINESH P BHONSLE,OPUS GA LA,KONKANI,BEST KONKANI FILM
186,66th NFA - 2018,FEATURE,ANDHADHUN,SRIRAM RAGHAVAN,MATCHBOX PICTURES PVT. LTD.,HINDI,"BEST HINDI FILM, BEST SCREENPLAY (ADAPTED) - SRIRAM RAGHAVAN , ARIJIT BISWAS, YOGESH CHANDEKAR, HEMANT RAO & POOJA LADHA SURTI, BEST ACTOR (SHARED) - AYUSHMANN KHURRANA"
187,66th NFA - 2018,FEATURE,AWE,Prasanth Varma,Venkat Kumar Jetty,TELUGU,BEST MAKE-UP ARTIST - RANJITH BEST SPECIAL EFFECTS - SRUSHTI CREATIVE STUDIO
188,66th NFA - 2018,FEATURE,BAARAM,PRIYA KRISHNASWAMY,RECKLESS ROSES,TAMIL,BEST TAMIL FILM
189,66th NFA - 2018,FEATURE,BADHAAI HO,AMIT SHARMA,JUNGLEE PICTURES LIMITED,HINDI,BEST POPULAR FILM PROVIDING WHOLESOME ENTERTAINMENT BEST SUPPORTING ACTRESS - SUREKHA SIKRI
190,66th NFA - 2018,FEATURE,BHONGA,SHIVAJI LOTAN PATIL,NALINEE PRODUCTIONS,MARATHI,BEST MARATHI FILM
191,66th NFA - 2018,FEATURE,BULBUL CAN SING,RIMA DAS,FLYING RIVER FILMS,ASSAMESE,BEST ASSAMESE FILM
192,66th NFA - 2018,FEATURE,CHI ARJUN LA SOW,NA,NA,TELUGU,BEST SCREENPLAY (ORIGINAL) - RAHUL RAVINDRAN
193,66th NFA - 2018,FEATURE,CHUMBAK,NA,NA,MARATHI,BEST SUPPORTING ACTOR - SWANAND KIRKIRE
194,66th NFA - 2018,FEATURE,EK JE CHHILO RAJA,SRIJIT MUKHERJEE,SVF ENTERTAINMENT PVT. LTD.,BENGALI,BEST BENGALI FILM
195,66th NFA - 2018,FEATURE,HAMID,AIJAZ KHAN,SAREGAMA INDIA LIMITED,URDU,"BEST URDU FILM, BEST CHILD ARTIST - TALHA ARSHAD RESHI"
196,66th NFA - 2018,FEATURE,HARJEETA,VIJAY KUMAR ARORA,SIZZLIN PRODUCTIONS,PUNJABI,"BEST PUNJABI FILM, BEST CHILD ARTIST - SAMEEP SINGH"
197,66th NFA - 2018,FEATURE,HELLARO,ABHISHEK SHAH,SAARTHI PRODUCTIONS LLP,GUJARATI,"BEST FEATURE FILM SPECIAL JURY AWARD - ACTRESSES : SHRADDHA DANGAR, SHACHI JOSHI, DENISHA GHUMRA, NEELAM PAANCHAL, TARJANI BHADLA, BRINDA NAYAK, TEJAL PANCHASARA, KAUSHAMBIBHATT, EKTA BACHWANI, KAMINI PANCHAL, JAGRUTI THAKORE, RIDDHI YADAV & PRAPTI MEHTA"
198,66th NFA - 2018,FEATURE,IN THE LAND OF POISON WOMEN,MANJU BORAH,AAAS PRODUCTIONS,NA,BEST PANGCHENPA FILM
199,66th NFA - 2018,FEATURE,JOSEPH,NA,NA,MALAYALAM,SPECIAL MENTION - JOJU GEORGE (ACTOR)
200,66th NFA - 2018,FEATURE,KADAKH,NA,NA,HINDI,SPECIAL MENTION - CHANDRACHOOR RAI (ACTOR)
201,66th NFA - 2018,FEATURE,KAMMARA SAMBHAVAM,NA,NA,MALAYALAM,BEST PRODUCTION DESIGN - BANGALAN
202,66th NFA - 2018,FEATURE,KEDARA,INDRADIP DASGUPTA,NA,BENGALI,SPECIAL JURY AWARD - INDRADIP DASGUPTA (DIRECTOR)
203,66th NFA - 2018,FEATURE,KGF CHAPTER - 1,NA,NA,KANNADA,BEST SPECIAL EFFECTS - UNIFI MEDIA BEST ACTION DIRECTION AWARD (STUNT CHOREOGRAPHY) - VIKRAM MORE & ANBU ARIV
204,66th NFA - 2018,FEATURE,MA’AMA,DOMINIC SANGMA,ANNA FILMS,GARO,BEST GARO FILM
205,66th NFA - 2018,FEATURE,MAHANATI,NAG ASHWIN,SWAPNA CINEMA,TELUGU,"BEST TELUGU FILM BEST ACTRESS - KEERTHY SURESH BEST COSTUME DESIGNER - INDRAKSHI PATTANAIK, GAURANG SHAH & ARCHANA RAO"
206,66th NFA - 2018,FEATURE,MISHING,BOBBY SARMA BARUAH,BB ENTERTAINMENT TRADE PRIVATE LIMITED,NA,BEST SHERDUKPAN FILM
207,66th NFA - 2018,FEATURE,NAAL,SUDHAKAR REDDY YAKKANTI,MRUDHGANDH FILMS LLP,MARATHI,INDIRA GANDHI AWARD FOR BEST DEBUT FILM OF A DIRECTOR BEST CHILD ARTIST - SHRINIVAS POKALE
208,66th NFA - 2018,FEATURE,NATHICHARAMI,MANJUNATHA S. (MANSORE),TEJASWINI ENTERPRISES,KANNADA,BEST KANNADA FILM BEST FEMALE PLAYBACK SINGER - BINDHU MALINI SONG “ MAAYAVI MANAVE…..” BEST EDITING BEST LYRICS - MANJUNATHA S(MANASOR) SONG “ MAAYAVI MANAVE….” SPECIAL MENTION - SRUTHI HARIHARAN (ACTRESS)
209,66th NFA - 2018,FEATURE,OLU,NA,NA,MALAYALAM,BEST CINEMATOGRAPHY
210,66th NFA - 2018,FEATURE,ONDALLA ERADALLA,SATYA PRAKASH D,D N CINEMAS,KANNADA,BEST CHILD ARTIST - P V ROHITH NARGIS DUTT AWARD FOR BEST FEATURE FILM ON NATIONAL INTEGRATION
211,66th NFA - 2018,FEATURE,PAANI,ADDINATH KOTHARE,PURPLE PEBBLE PICTURES,MARATHI,BEST FILM ON ENVIRONMENT CONSERVATION/PRESERVATION
212,66th NFA - 2018,FEATURE,PADMAAVAT,SANJAY LEELA BHANSALI,NA,HINDI,BEST MUSIC DIRECTION (SONGS) BEST MALE PLAYBACK SINGER - ARIJIT SINGH SONG “ BINTE DIL MISRIYA MEIN …. ” BEST CHOREOGRAPHY - KRUTI MAHESH MADYA & JYOTI TOMAR (SONG: GHOOMAR)
213,66th NFA - 2018,FEATURE,PADMAN,R. BALKI,HOPE PRODUCTIONS PVT. LTD.,HINDI,BEST FILM ON SOCIAL ISSUES
214,66th NFA - 2018,FEATURE,RANGASTHALAM,NA,NA,TELUGU,BEST AUDIOGRAPHY (RE- RECORDIST OF THE FINAL MIXED TRACK) - RAJA KRISHNAN M.R
215,66th NFA - 2018,FEATURE,REVA,RAHUL SURENDRABHAI BHOLE & VINIT KUMAR AMBUBHAI KANOJIYA,BRAINBOX STUDIOS,GUJARATI,BEST GUJARATI FILM
216,66th NFA - 2018,FEATURE,SARKARI HIRIYA PRATHAMIKA SHALE KASARGODU,RISHAB SHETTY,RISHAB SHETTY FILMS,KANNADA,BEST CHILDREN'S FILM
217,66th NFA - 2018,FEATURE,SUDANI FROM NIGERIA,ZAKARIYA,THE HAPPY HOURS ENTERTAINMENTS,MALAYALAM,BEST MALAYALAM FILM SPECIAL MENTION - SAVITHRI (ACTRESS)
218,66th NFA - 2018,FEATURE,TARIKH,NA,NA,BENGALI,BEST SCREENPLAY (DIALOGUE WRITER) -CHURNI GANGULY
219,66th NFA - 2018,FEATURE,TENDLYA,NA,NA,MARATHI,BEST AUDIOGRAPHY [LOCATION SOUND RECORDIST (FOR SYNC SOUND FILMS ONLY)] -GAURAV VERMA
220,66th NFA - 2018,FEATURE,TURTLE,NA,NA,NA,BEST RAJASTHANI FILM
221,66th NFA - 2018,FEATURE,URI: THE SURGICAL STRIKE,ADITYA DHAR,NA,HINDI,BEST ACTOR (SHARED) - VICKY KAUSHAL BEST DIRECTION BEST AUDIOGRAPHY (SOUND DESIGNER) - BISHWADEEP DIPAK CHATTERJEE BEST MUSIC DIRECTION (BACKGROUND MUSIC) - SHASHWAT SACHDEV
222,66th NFA - 2018,NON - FEATURE,AAI SHAPPATH,GAUTAM VAZE,NA,NA,BEST DIRECTION
223,66th NFA - 2018,NON - FEATURE,AMOLI,JASMINE KAUR ROY & AVINASH ROY,CULTURE MACHINE MEDIA PVT. LTD.,NA,BEST INVESTIGATIVE FILM
224,66th NFA - 2018,NON - FEATURE,BUNKAR: THE LAST OF THE VARANASI WEAVERS,SATYAPRAKASH UPADHYAY,NARRATIVE PICTURES & S APANA SHARMA,NA,BEST ARTS & CULTURE FILM
225,66th NFA - 2018,NON - FEATURE,CHALO JEETE HAIN,MANGESH HADAWALE,SUNDIAL VENTURES PVT. LTD.,NA,BEST FILM ON FAMILY VALUES
226,66th NFA - 2018,NON - FEATURE,CHILDREN OF THE SOIL,NA,NA,NA,BEST AUDIOGRAPHY - RE-RECORDIST (FINAL MIXED TRACK) - BISHWADEEP CHATTERJEE
227,66th NFA - 2018,NON - FEATURE,EKAANT,NA,NA,NA,SPECIAL JURY AWARD - ART DIRECTOR - NEERAJ SINGH
228,66th NFA - 2018,NON - FEATURE,FELUDA_50 YEARS RAYS DETECTIVE,SAGNIK CHATTERJEE,SAGNIK CHATTERJEE,NA,BEST DEBUT NON-FEATURE FILM OF A DIRECTOR
229,66th NFA - 2018,NON - FEATURE,G.D.NAIDU : THE EDISON OF INDIA,RENJITH KUMAR,FILMS DIVISION,NA,BEST SCIENCE & TECHNOLOGY FILM
230,66th NFA - 2018,NON - FEATURE,GLOW WORM IN A JUNGLE,RAMANA DUMPALA,NA,NA,SPECIAL MENTION (DIRECTOR)
231,66th NFA - 2018,NON - FEATURE,JYOTI,NA,NA,NA,BEST MUSIC DIRECTION
232,66th NFA - 2018,NON - FEATURE,KHARVAS,ADITYA SUHAS JAMBHALE,SHREE MAHALASA PRODUCTIONS (PONDA),NA,BEST SHORT FICTION FILM
233,66th NFA - 2018,NON - FEATURE,LADDOO,SAMEER SADHWANI & KISHOR SADHWANI,NA,NA,SPECIAL MENTION (DIRECTOR)
234,66th NFA - 2018,NON - FEATURE,MADHUBANI – THE STATION OF COLOURS,NA,NA,NA,BEST NARRATION/ VOICE OVER - DEEPAK AGNIHOTRI & URVIJA UPADDHYAY
235,66th NFA - 2018,NON - FEATURE,MAHAAN HUTATMA,SAGAR PURANIK,NA,NA,SPECIAL MENTION (DIRECTOR)
236,66th NFA - 2018,NON - FEATURE,REDISCOVERING JAJAM,AVINASH MAURYA & KRITI GUPTA,RACHEL BRACKEN SINGH,NA,BEST PROMOTIONAL FILM
237,66th NFA - 2018,NON - FEATURE,SARALA VIRALA,EREGOWDA,SUJATHA H R,NA,BEST EDUCATIONAL FILM
238,66th NFA - 2018,NON - FEATURE,SON RISE,VIBHA BAKSHI,V2 FILMS & DESIGN PVT. LTD.,NA,"BEST NON-FEATURE FILM, BEST EDITING - HEMANTI SARKAR"
239,66th NFA - 2018,NON - FEATURE,SWIMMING THROUGH THE DARKNESS,SUPRIYO SEN,PERSPECTIVE,NA,BEST FILM ON SPORTS
240,66th NFA - 2018,NON - FEATURE,TAALA TE KUNJEE,SHILPI GULATI,SIMARDEEP SINGH BHATIA,NA,BEST FILM ON SOCIAL ISSUES
241,66th NFA - 2018,NON - FEATURE,THE SECRET LIFE OF FROGS,AJAY BEDI & VIJAY BEDI,BEDI UNIVERSAL,NA,"BEST NON-FEATURE FILM, BEST CINEMATOGRAPHY - AJAY BEDI & VIJAY BEDI, BEST ON-LOCATION SOUND RECORDIST - AJAY BEDI"
242,66th NFA - 2018,NON - FEATURE,THE WORLD'S MOST FAMOUS TIGER,SUBBIAH NALLAMUTHU,NATURAL HISTORY UNIT INDIA,NA,BEST ENVIRONMENT FILM
243,66th NFA - 2018,NON - FEATURE,WHY ME?,HARISH SHAH,NA,NA,SPECIAL JURY AWARD (DIRECTOR)
244,67th NFA - 2019,FEATURE,AKSHI,MANOJ KUMAR,KALAADEGULA STUDIO,KANNADA,BEST KANNADA FILM
245,67th NFA - 2019,FEATURE,ANANDI GOPAL,SAMEER VIDWANS,"ESSEL VISION PRODUCTIONS LTD., FRESHLIME FILMS LLP & NAMAH PICTURES PVT. LTD.",MARATHI,"BEST FILM ON SOCIAL ISSUES, BEST PRODUCTION DESIGN (SUNIL NIGWEKAR & NILESH WAGH)"
246,67th NFA - 2019,FEATURE,ANU RUWAD - THE NEW DAWN,DILIP KUMAR DOLE,OBONORI PICTURES,ASSAMESE,BEST MISHING FILM
247,67th NFA - 2019,FEATURE,ASURAN,VETRI MAARAN,V CREATIONS,TAMIL,"BEST TAMIL FILM, BEST ACTOR (DHANUSH)"
248,67th NFA - 2019,FEATURE,AVANE SRIMANNARAYANA,SACHIN B RAVI,PARAMVAH STUDIOS PUSHKAR FILMS SRI DEVI ENTERTAINERS,KANNADA,BEST ACTION DIRECTION (STUNT CHOREOGRAPHY: VIKRAM MOR)
249,67th NFA - 2019,FEATURE,BAHATTAR HOORAIN,SANJAY PURAN SINGH CHAUHAN,ALIENS PICTURES SAARTHIE ENTERTAINMENT,HINDI,BEST DIRECTION
250,67th NFA - 2019,FEATURE,BARDO,BHIMRAO MUDE,RITU FILMS CUT LLP,MARATHI,"BEST MARATHI FILM, BEST FEMALE PLAYBACK SINGER (SAVANI RAVINDRA SONG “RAAN PETALA”)"
251,67th NFA - 2019,FEATURE,BHONSLE,DEVASHISH MAKHIJA,GOLDEN RATIO FILMS INDIE MUVIZ PTE,HINDI,BEST ACTOR (MANOJ BAJPAYEE)
252,67th NFA - 2019,FEATURE,BHULAN THE MAZE,MANOJ VERMA,SWAPNIL FILM PRODUCTIONS,CHHATTISGARHI,BEST CHHATTISGARHI FILM
253,67th NFA - 2019,FEATURE,BIRIYAANI,SAJIN BABU,UAN FILM HOUSE,MALAYALAM,SPECIAL MENTION (DIRECTOR : SAJIN BABU)
254,67th NFA - 2019,FEATURE,CHHICHHORE,NITESH TIWARI,NADIAWALA GRANDSONS ENTERTAINMENT PVT. LTD. & FOX STAR STUDIOS,HINDI,BEST HINDI FILM
255,67th NFA - 2019,FEATURE,CHHORIYAN CHHORON SE KAM NAHI HOTI,RAJESH AMAR LAL BABBAR,ESSEL VISION PRODUCTIONS LIMITED & SATISH KAUSHIK ENTERTAINMENT,HINDI,BEST HARYANVI FILM
256,67th NFA - 2019,FEATURE,EIGI KONA,BOBBY WAHENGHAM & MAIPAKSANA HAORONGBAM,LUWANG APOKPA MAMIKOL PRODUCTION,MANIPURI,BEST MANIPURI FILM
257,67th NFA - 2019,FEATURE,GUMNAAMI,SRIJIT MUKHERJI,SVF ENTERTAINMENT PVT. LTD.,BENGALI,"BEST BENGALI FILM, BEST SCREENPLAY (ADAPTED):SRIJIT MUKHERJI"
258,67th NFA - 2019,FEATURE,HELEN,MATHUKUTTY XAVIER,BIG BANG ENTERTAINMENTS,MALAYALAM,"INDIRA GANDHI AWARD FOR BEST DEBUT FILM OF A DIRECTOR, BEST MAKE-UP ARTIST (RANJITH)"
259,67th NFA - 2019,FEATURE,IEWDUH,PRADIP KURBAH,SHIVEN ARTS,KHASI,"BEST KHASI FILM, BEST AUDIOGRAPHY [LOCATION SOUND RECORDIST (FOR SYNC SOUND FILMS ONLY) : DEBAJIT GAYAN]"
260,67th NFA - 2019,FEATURE,JALLIKKATTU,LIJO JOSE PELLISSERY,CHEMBOSKY MOTION PICTURES KASARGOD AADMI PICTURES LIJO JOSE PELLISSERY MOVIE HOUSE OPUS PENTA XYZ FILMS,MALAYALAM,BEST CINEMATOGRAPHY (GIREESH GANGADHARAN)
261,67th NFA - 2019,FEATURE,JERSEY,GOWTAM TINNANURI,SITHARA ENTERTAINMENTS,TELEGU,"BEST TELUGU FILM, BEST EDITING (NAVIN NOOLI)"
262,67th NFA - 2019,FEATURE,FIREFLIES - JONAKI PORUA,PRAKASH DEKA,VORTEX FILMS,ASSAMESE,SPECIAL MENTION (ACTOR : BENJAMIN DAIMARY)
263,67th NFA - 2019,FEATURE,JYESHTHOPUTRO (THE ELDER SON),KAUSHIK GANGULY,NIDEAS CREATIONS & PRODUCTIONS SURINDER FILMS,BENGALI,"BEST SCREENPLAY (ORIGINAL): KAUSHIK GANGULY, BEST MUSIC DIRECTION (BACKGROUND MUSIC): PRABUDDHA BANERJEE"
264,67th NFA - 2019,FEATURE,KAAJRO,NITIN BHASKAR,DE GOAN STUDIO,KONKANI,BEST KONKANI FILM
265,67th NFA - 2019,FEATURE,KALIRA ATITA,NILA MADHAB PANDA,ELEEANORA IMAGES PVT. LTD.,ODIA,BEST ODIA FILM
266,67th NFA - 2019,FEATURE,KALLA NOTTAM,RAHUL RIJI NAIR,FIRST PRINT STUDIOS,MALAYALAM,BEST MALAYALAM FILM
267,67th NFA - 2019,FEATURE,KASTOORI,VINOD UTTRESHWAR KAMBLE,INSIGHT FILMS,MARATHI | HINDI,BEST CHILDREN'S FILM
268,67th NFA - 2019,FEATURE,KD(A) KARUPPU DURAI,MADHUMITA SUNDARARAMAN,SAREGAMA INDIA,TAMIL,BEST CHILD ARTIST (NAGA VISHAL)
269,67th NFA - 2019,FEATURE,KENJIRA,MANOJ KANA,NERU FILMS,PANIYA,BEST PANIYA FILM
270,67th NFA - 2019,FEATURE,KESARI,ANURAG SINGH,DHARMA PRODUCTIONS HARI OM ENTERTAINMENT AZURE ENTERTAINMENT CAPE OF GOOD FILMS ZEE STUDIOS,HINDI,BEST MALE PLAYBACK SINGER (B PRAAK FOR SONG “TERI MITTI”)
271,67th NFA - 2019,FEATURE,KOLAAMBI,RAJEEV KUMAR,NIRMALYAM CINEMA,MALAYALAM,BEST LYRICS (PRABHA VARMA FOR SONG “ ARODUM PARAYUKA VAYYA”)
272,67th NFA - 2019,FEATURE,LATA BHAGWAN KARE,NAVEEN DESHABOINA,PARAM JYOTHI FILM CREATIONS,MARATHI,SPECIAL MENTION (ACTRESS : LATA KARE)
273,67th NFA - 2019,FEATURE,MAHARSHI,PAIDIPALLY VAMSHIDHAR RAO,SRI VENKTESWARA CREATIONS ,TELUGU,"AWARD FOR BEST POPULAR FILM PROVIDING WHOLESOME ENTERTAINMENT, BEST CHOREOGRAPHY (RAJU SUNDARAM)"
274,67th NFA - 2019,FEATURE,MANIKARNIKA- THE QUEEN OF JHANSI,"RADHA KRISHNA JAGARLAMUDI, KANGANA RANAUT",KAIROS KONTENT STUDIOS,HINDI,BEST ACTRESS (ACTRESS : KANGANA RANAUT)
275,67th NFA - 2019,FEATURE,MARAKKAR- ARABIKKADALI NTE-SIMHAM,PRIYADARSHAN,AASHIRVAD CINEMAS,MALAYALAM | KANNADA | CHINESE | HINDI | TAMIL | TELUGU | ENGLISH,"BEST FEATURE FILM, BEST COSTUME DESIGNER (SUJITH SUDHAKARAN & V. SAI), BEST SPECIAL EFFECTS (SIDDHARTH PRIYADARSHAN)"
276,67th NFA - 2019,FEATURE,OTHTHA SERUPPU SIZE-7,PARTHIBAN,BIOSCOPE FILM FRAMERS,TAMIL,"BEST AUDIOGRAPHY (RE- RECORDIST OF THE FINAL MIXED TRACK: RESUL POOKUTTY), SPECIAL JURY AWARD (PRODUCER & DIRECTOR: RADHAKRISHNAN PARTHIBAN)"
277,67th NFA - 2019,FEATURE,PANGA,ASHWINY IYER TIWARI,FOX STAR STUDIOS,HINDI,BEST ACTRESS (ACTRESS : KANGANA RANAUT)
278,67th NFA - 2019,FEATURE,PICASSO,ABHIJEET MOHAN WARANG,EVEREST ENTERTAINMENT PLATOON ONE FILMS,MARATHI,SPECIAL MENTION (DIRECTOR : ABHIJEET MOHAN WARANG)
279,67th NFA - 2019,FEATURE,PINGARA,R PREETHAM SHETTY,DMR PRODUCTIONS,TULU,BEST TULU FILM
280,67th NFA - 2019,FEATURE,RABB DA RADIO 2,SHARANDEEP SINGH,VEHLI JANTA FILMS,PUNJABI,BEST PUNJABI FILM
281,67th NFA - 2019,FEATURE,RONUWA - WHO NEVER SURRENDER,CHANDRA MUDOI,BORNALI CREATIVE VISION ENTERTAINMENT,ASSAMESE,BEST ASSAMESE FILM
282,67th NFA - 2019,FEATURE,SALA BUDHAR BADLA,DR. SABYASACHI MOHAPATRA,NEW GENERATION FILMS,ODIA,BEST ODIA FILM
283,67th NFA - 2019,FEATURE,SUPER DELUXE,THIAGARAJAN KUMARARAJA,"EAST WEST DREAM WORKS ENTERTAINMENT, TYLER DURDEN AND KINO FIST",TAMIL,BEST SUPPORTING ACTOR (VIJAYA SETHUPATHI)
284,67th NFA - 2019,FEATURE,TAJMAL ,NIYAZ MUJAWAR,TULINE STUDIOS PVT. LTD.,MARATHI,NARGIS DUTT AWARD FOR BEST FEATURE FILM ON NATIONAL INTEGRATION
285,67th NFA - 2019,FEATURE,THE TASHKENT FILES,VIVEK AGNIHOTRI,"SP CINECORP, AD FILMS",HINDI,"BEST SCREENPLAY (DIALOGUE): VIVEK RANJAN AGNIHOTRI, BEST SUPPORTING ACTRESS (PALLAVI JOSHI)"
286,67th NFA - 2019,FEATURE,TRIJYA,AKSHAY INDIKAR,CHITRAKATHI NIRMITEE BOMBAY BERLIN FILM PRODUCTIONS FIRTA CINEMA,MARATHI,BEST AUDIOGRAPHY (SOUND DESIGNER : MANDAR KAMALAPURKAR)
287,67th NFA - 2019,FEATURE,VISWASAM,SIVA,SATHYA JYOTHI FILMS,TAMIL,BEST MUSIC DIRECTION (SONGS): D. IMMAN
288,67th NFA - 2019,FEATURE,WATER BURIAL,SHANTANU SEN,FARUQUE IFTIKAR LASKAR,ENGLISH,BEST FILM ON ENVIRONMENT CONSERVATION/PRESERVATION
289,67th NFA - 2019,NON - FEATURE,AN ENGINEERED DREAM,HEMANT GABA,HEMANT GABA,HINDI/ GUJARATI,BEST NON- FEATURE FILM
290,67th NFA - 2019,NON - FEATURE,APPLES AND ORANGES,RUKSHANA TABASSUM,LXL IDEAS PRIVATE LIMITED,ENGLISH,BEST EDUCATIONAL FILM
291,67th NFA - 2019,NON - FEATURE,CHARAN- ATVA THE ESSENCE OF BEING A NOMAD,DINAZ KALWACHWALA,FILMS DIVISION,GUJARATI,BEST ETHNOGRAPHIC FILM
292,67th NFA - 2019,NON - FEATURE,CUSTODY,AMBIECKA PANDIT,AMBIECKA PANDIT,"HINDI, ENGLISH, MARATHI",BEST SHORT FICTION FILM
293,67th NFA - 2019,NON - FEATURE,ELEPHANTS DO REMEMBER,"SWATI PANDEY, VIPLOVE RAI BHATIA & MANOHAR SINGH BISHT",FILMS DIVISION,ENGLISH,BEST BIOGRAPHICAL FILM
294,67th NFA - 2019,NON - FEATURE,HOLY RIGHTS,FARHA KHATUN,PRIYANKA PRADEEP MORE,HINDI,BEST FILM ON SOCIAL ISSUES
295,67th NFA - 2019,NON - FEATURE,JAKKAL,VIVEK WAGH,NEON REEL CREATION,MARATHI,BEST INVESTIGATIVE FILM
296,67th NFA - 2019,NON - FEATURE,KHISA,RAJ PRITAM MORE,P P CINE PRODUCTION,MARATHI,BEST DEBUT NON-FEATURE FILM OF A DIRECTOR
297,67th NFA - 2019,NON - FEATURE,KNOCK KNOCK KNOCK,SUDHANSHU SARIA,FOUR LINE FILMS,HINDI/ BENGALI,BEST DIRECTION
298,67th NFA - 2019,NON - FEATURE,KRANTI DARSHI GURUJI - AHEAD OF TIMES,SUDIPTO SEN,LAST MONK FILMS,HINDI,BEST MUSIC DIRECTION (BISHAKHJYOTI)
299,67th NFA - 2019,NON - FEATURE,LADLI,SUDIPTA KUNDU,SUDIPTA KUNDU,HINDI,BEST FILM ON SOCIAL ISSUES
300,67th NFA - 2019,NON - FEATURE,ORU PAATHIRAA SWAPNAM POLE (LIKE A MIDNIGHT DREAM),SHARAN VENUGOPAL,SATYAJIT RAY FILM & TELEVISION INSTITUTE,MALAYALAM,BEST FILM ON FAMILY VALUES
301,67th NFA - 2019,NON - FEATURE,RADHA (MUSICAL),BIMAL PODDAR,FAIRY COWS,OTHER,BEST ANIMATION FILM (ANIMATOR : NITIN KHARKAR) BEST AUDIOGRAPHY [RE-RECORDIST (FINAL MIXED TRACK): ALLWIN REGO & SANJAY MAURYA]
302,67th NFA - 2019,NON - FEATURE,RAHAS (CHHATTISGARH KI RAAS LEELA),SUNIL SHUKLA,SARJANA INFOTAIMENT FOR CENTRE FOR CULTURAL RESOURCES & TRAINING,HINDI,BEST ON - LOCATION SOUND RECORDIST (SAPTARSHI SARKAR)
303,67th NFA - 2019,NON - FEATURE,SHRIKSHETRA - RU - SAHIJATA,ASHUTOSH PATTNAIK,ASHUTOSH PATTNAIK,ODIA,BEST ARTS AND CULTURE FILM
304,67th NFA - 2019,NON - FEATURE,SHUT UP SONA,DEEPTI GUPTA,OMGROWN MUSIC,HINGLISH,BEST EDITING (ARJUN GOURISARIA)
305,67th NFA - 2019,NON - FEATURE,SMALL-SCALE SOCIETIES,VIPIN VIJAY,SERENDIPITY ARTS,NO DIALOGUES,SPECIAL JURY AWARD
306,67th NFA - 2019,NON - FEATURE,SONSI,SAVITA SINGH,NA,HINDI,BEST CINEMATOGRAPHY (SAVITA SINGH)
307,67th NFA - 2019,NON - FEATURE,THE SHOWER,BAUDDHAYAN MUKHERJI,LITTLE LAMB FILMS PVT. LTD.,HINDI,BEST PROMOTIONAL FILM
308,67th NFA - 2019,NON - FEATURE,THE STORK SAVIOURS,AJAY BEDI & VIJAY BEDI,"RAJIV MEHROTRA, PSBT",ENGLISH,BEST ENVIRONMENT FILM
309,67th NFA - 2019,NON - FEATURE,WILD KARNATAKA,"AMOGHAVARSHA JS, KALYAN VARMA, SARATH CHAMPATI & VIJAYA MOHAN RAJ",AMOGHAVARSHA J S,ENGLISH,"BEST EXPLORATION FILM, BEST NARRATION / VOICE OVER (SIR DAVID ATTENBOROUGH)"
